id	name	snippet	url
345438602	Unnamed Well	Well	http://pleiades.stoa.org/places/345438602
477915982	Deir el-Shelwit	Temple-2; 30 BC - AD 300	http://pleiades.stoa.org/places/477915982
551781152	Ain el-Sabil	Settlement	http://pleiades.stoa.org/places/551781152
345438603	Unnamed Well	Well	http://pleiades.stoa.org/places/345438603
963047542	Ramesseum	Temple-2; 1548 BC - AD 2100	http://pleiades.stoa.org/places/963047542
796289136	Saqqarah	Tomb, Cemetery; 2950 BC - AD 2100	http://pleiades.stoa.org/places/796289136
861854258	Ain el-Gedida	Settlement	http://pleiades.stoa.org/places/861854258
624813669	Mut el-Kharab	Sanctuary, Settlement; AD 1700 - AD 2100	http://pleiades.stoa.org/places/624813669
442962448	Giza	Sanctuary, Cemetery, Tomb, Settlement, Temple; 2670 BC - AD 2100	http://pleiades.stoa.org/places/442962448
440947682	El Kab	Production, Tomb, Settlement; 2950 BC - AD 2100	http://pleiades.stoa.org/places/440947682
389338583	Pyramid of Amenemhat III	Tomb; 2010 BC - 1640 BC	http://pleiades.stoa.org/places/389338583
687850	Bethaphou/Boutaphion	Settlement; 30 BC - AD 640	http://pleiades.stoa.org/places/687850
687862	Bir el Maghara	Station; 330 BC - AD 640	http://pleiades.stoa.org/places/687862
687863	Bir el Mazar	Settlement; 30 BC - AD 300	http://pleiades.stoa.org/places/687863
687865	Bitylion	Settlement; 330 BC - AD 640	http://pleiades.stoa.org/places/687865
687868	Cadesh Barnea	Oasis; 30 BC - AD 640	http://pleiades.stoa.org/places/687868
687872	Casius Mons	Mountain; 550 BC - AD 2100	http://pleiades.stoa.org/places/687872
687909	Gerra	Settlement; 330 BC - AD 640	http://pleiades.stoa.org/places/687909
687954	Lysa?	Station; 30 BC - AD 300	http://pleiades.stoa.org/places/687954
687993	Ostrakine	Settlement; 330 BC - AD 640	http://pleiades.stoa.org/places/687993
688010	Qasrawet	Settlement; 330 BC - AD 640	http://pleiades.stoa.org/places/688010
688012	Quseima	Settlement; 330 BC - AD 640	http://pleiades.stoa.org/places/688012
688015	Raphia	Settlement; 330 BC - AD 640	http://pleiades.stoa.org/places/688015
688016	Rhinocolura	Settlement; 3300 BC - AD 2100	http://pleiades.stoa.org/places/688016
688025	Serbonitis L.	Lake; AD 1700 - AD 2100	http://pleiades.stoa.org/places/688025
716497	Abbiar Gabbus	Cemetery; 30 BC - AD 300	http://pleiades.stoa.org/places/716497
716499	Abul Awlaf	Cemetery; 330 BC - AD 300	http://pleiades.stoa.org/places/716499
716501	Abu Shuruf	Settlement; 330 BC - AD 300	http://pleiades.stoa.org/places/716501
716504	el-Aguz	Settlement; 30 BC - AD 640	http://pleiades.stoa.org/places/716504
716507	Ainesisphyra/Ennesyphora/Nesus	Station; 330 BC - AD 300	http://pleiades.stoa.org/places/716507
716510	Ain el-Hayz	Settlement; 30 BC - AD 640	http://pleiades.stoa.org/places/716510
716514	Ain Koreishat	Settlement; 330 BC - AD 300	http://pleiades.stoa.org/places/716514
716515	Ain Melfa	Cemetery; 330 BC - AD 300	http://pleiades.stoa.org/places/716515
716516	Ain Ris	Settlement; 30 BC - AD 640	http://pleiades.stoa.org/places/716516
716517	Ain Zeitun	Settlement, Settlement-modern, Temple-2; 330 BC - AD 640	http://pleiades.stoa.org/places/716517
716518	Alexandrou Parembole	Settlement; 330 BC - AD 300	http://pleiades.stoa.org/places/716518
716520	Ammon	Oasis, Settlement, Temple-2; 750 BC - AD 2100	http://pleiades.stoa.org/places/716520
716524	Antiphrai/Leukaspis	Settlement; 330 BC - AD 640	http://pleiades.stoa.org/places/716524
716526	Apis	Settlement; 750 BC - AD 640	http://pleiades.stoa.org/places/716526
716528	el-Areg	Cemetery; 330 BC - AD 640	http://pleiades.stoa.org/places/716528
716530	el-Ayoun	Temple; 750 BC - AD 300	http://pleiades.stoa.org/places/716530
716531	Azy	Station; 330 BC - AD 300	http://pleiades.stoa.org/places/716531
716533	Bahrein	Cemetery; 330 BC - AD 300	http://pleiades.stoa.org/places/716533
716537	Bilad er-Rum	Settlement; 30 BC - AD 300	http://pleiades.stoa.org/places/716537
716539	Caportis/‘Patrico’?	Station; 30 BC - AD 640	http://pleiades.stoa.org/places/716539
716540	Catabathmus Maior/Plynos Limen/Tetrapyrgia	Settlement, Port; 750 BC - AD 640	http://pleiades.stoa.org/places/716540
716543	Chautaion/Chettaia	Station; 330 BC - AD 300	http://pleiades.stoa.org/places/716543
716544	Ch(e)imo	Station; 330 BC - AD 300	http://pleiades.stoa.org/places/716544
716546	‘Comaru’	Station; AD 300 - AD 640	http://pleiades.stoa.org/places/716546
716549	Derras	Settlement; 330 BC - AD 300	http://pleiades.stoa.org/places/716549
716558	Gebel el-Dakrur	Cemetery; 330 BC - AD 300	http://pleiades.stoa.org/places/716558
716559	Gebel Mota	Cemetery; 750 BC - AD 640	http://pleiades.stoa.org/places/716559
716561	Ghargart	Settlement; 330 BC - AD 300	http://pleiades.stoa.org/places/716561
716565	Glaukos	Station; 330 BC - AD 300	http://pleiades.stoa.org/places/716565
716568	Graias Gonu	Station; 330 BC - AD 300	http://pleiades.stoa.org/places/716568
716571	el-Harra	Settlement; 30 BC - AD 300	http://pleiades.stoa.org/places/716571
716572	Hermaia	Station; 330 BC - AD 300	http://pleiades.stoa.org/places/716572
716575	Kalamaion/Kallias	Station; 330 BC - AD 300	http://pleiades.stoa.org/places/716575
716580	Khamiseh	Settlement; 330 BC - AD 300	http://pleiades.stoa.org/places/716580
716581	Khashm el-Eish	Fort; 330 BC - AD 300	http://pleiades.stoa.org/places/716581
716582	Klimax?	Pass; 30 BC - AD 2100	http://pleiades.stoa.org/places/716582
716585	Ladamantia	Station; 330 BC - AD 300	http://pleiades.stoa.org/places/716585
716587	Leuke Akte	Temple; 550 BC - AD 300	http://pleiades.stoa.org/places/716587
716592	Mandishah	Settlement; 330 BC - AD 640	http://pleiades.stoa.org/places/716592
716593	el-Maraki	Settlement; 330 BC - AD 640	http://pleiades.stoa.org/places/716593
716600	el-Meyserah	Settlement; 330 BC - AD 640	http://pleiades.stoa.org/places/716600
716602	el-Muftella	Temple; 750 BC - 30 BC	http://pleiades.stoa.org/places/716602
716603	Myrmix/Pedonia Inss.	Island; 330 BC - AD 2100	http://pleiades.stoa.org/places/716603
716607	Nuweimisa	Cemetery; 330 BC - AD 300	http://pleiades.stoa.org/places/716607
716609	Oasis Parva	Oasis, Settlement; 750 BC - AD 640	http://pleiades.stoa.org/places/716609
716615	Paraetonium/Ammonia	Settlement; 750 BC - AD 640	http://pleiades.stoa.org/places/716615
716617	Pedonia	Station; 330 BC - AD 300	http://pleiades.stoa.org/places/716617
716621	Phoinikon	Station, Port; 330 BC - AD 300	http://pleiades.stoa.org/places/716621
716624	Pnigeus	Settlement; 330 BC - AD 300	http://pleiades.stoa.org/places/716624
716625	Pnigeus Akroterion	Station; 330 BC - AD 300	http://pleiades.stoa.org/places/716625
716628	Qasr el-Megysbeh	Settlement; 330 BC - AD 2100	http://pleiades.stoa.org/places/716628
716630	Qasr Mehareb	Settlement; 30 BC - AD 640	http://pleiades.stoa.org/places/716630
716631	el Qassabat el-Gharbiya	Temple; 330 BC - AD 300	http://pleiades.stoa.org/places/716631
716634	Schiatuh	Cemetery; 30 BC - AD 300	http://pleiades.stoa.org/places/716634
716635	Selenis	Station; 330 BC - AD 300	http://pleiades.stoa.org/places/716635
716636	Sitra	Settlement; 30 BC - AD 300	http://pleiades.stoa.org/places/716636
716639	Tablamum	Settlement; 30 BC - AD 640	http://pleiades.stoa.org/places/716639
716642	Tyndareioi (islands)	Island; 330 BC - AD 2100	http://pleiades.stoa.org/places/716642
716644	Umm Ubaydah	Temple; 750 BC - AD 640	http://pleiades.stoa.org/places/716644
716647	el-Wazidi	Cemetery; 30 BC - AD 300	http://pleiades.stoa.org/places/716647
716649	Zawa	Cemetery; 30 BC - AD 300	http://pleiades.stoa.org/places/716649
716656	Zygris	Station; 330 BC - AD 640	http://pleiades.stoa.org/places/716656
716657	Zygris	Station; 330 BC - AD 640	http://pleiades.stoa.org/places/716657
727069	Agnou Keras Pr.	Cape; 330 BC - AD 2100	http://pleiades.stoa.org/places/727069
727070	Alexandria	Theatre, Cemetery, Temple-2, Architecturalcomplex, Settlement, Port; 2010 BC - AD 2000	http://pleiades.stoa.org/places/727070
727071	Andronpolis	Settlement; 30 BC - AD 640	http://pleiades.stoa.org/places/727071
727073	Anthylla	Settlement; 550 BC - AD 300	http://pleiades.stoa.org/places/727073
727077	Atarbechis	Settlement; 550 BC - AD 300	http://pleiades.stoa.org/places/727077
727078	Athribis	Settlement; 2010 BC - AD 2000	http://pleiades.stoa.org/places/727078
727080	Avaris/Ramesses	Settlement; 750 BC - AD 640	http://pleiades.stoa.org/places/727080
727082	Babylon	Settlement, Fort; 2670 BC - AD 2000	http://pleiades.stoa.org/places/727082
727084	Bilbeis	Settlement; 30 BC - AD 300	http://pleiades.stoa.org/places/727084
727085	Bolbitine	Settlement; 550 BC - AD 640	http://pleiades.stoa.org/places/727085
727087	Bolbitinos fl.	River; 550 BC - AD 2100	http://pleiades.stoa.org/places/727087
727088	Boubastis	Settlement; 750 BC - AD 640	http://pleiades.stoa.org/places/727088
727090	Bousiris	Settlement; 550 BC - AD 300	http://pleiades.stoa.org/places/727090
727094	Bouto	Settlement; 750 BC - AD 640	http://pleiades.stoa.org/places/727094
727097	Canopus	Settlement; 750 BC - AD 640	http://pleiades.stoa.org/places/727097
727101	Clysma	Settlement, Port; 330 BC - AD 640	http://pleiades.stoa.org/places/727101
727103	Daphnai	Settlement; 750 BC - AD 640	http://pleiades.stoa.org/places/727103
727104	Deir Abou Makar	Church; AD 300 - AD 640	http://pleiades.stoa.org/places/727104
727105	Deir Abou Menas	Church, Sanctuary, Settlement, Bath; AD 300 - AD 2100	http://pleiades.stoa.org/places/727105
727106	Deir Amba Baramos	Church; AD 300 - AD 640	http://pleiades.stoa.org/places/727106
727107	Deir Amba Bishoi	Church; AD 300 - AD 640	http://pleiades.stoa.org/places/727107
727108	Deir el-Sourian	Church; AD 300 - AD 940	http://pleiades.stoa.org/places/727108
727110	Diokleous Kome	Settlement; 30 BC - AD 300	http://pleiades.stoa.org/places/727110
727111	Diospolis Kato	Settlement; 750 BC - AD 640	http://pleiades.stoa.org/places/727111
727114	Gynaikonpolis	Settlement; 330 BC - AD 640	http://pleiades.stoa.org/places/727114
727117	Heliopolis	Settlement; 2600000 BC - AD 2000	http://pleiades.stoa.org/places/727117
727119	Hephaistos	Settlement; 30 BC - AD 640	http://pleiades.stoa.org/places/727119
727121	Herakleopolis Mikra/Sethroe	Settlement; 330 BC - AD 640	http://pleiades.stoa.org/places/727121
727122	Hermopolis	Settlement; 1548 BC - AD 2100	http://pleiades.stoa.org/places/727122
727123	Hermopolis Mikra	Settlement; 6000 BC - AD 2000	http://pleiades.stoa.org/places/727123
727124	Heroonpolis	Settlement; 30 BC - AD 640	http://pleiades.stoa.org/places/727124
727126	Hierakonpolis	Settlement; 330 BC - 30 BC	http://pleiades.stoa.org/places/727126
727128	Isieion	Settlement; 750 BC - AD 640	http://pleiades.stoa.org/places/727128
727130	Isidos Polis tou Sebennytou	Settlement; AD 300 - AD 640	http://pleiades.stoa.org/places/727130
727131	Iuliopolis/Nikopolis	Settlement; 30 BC - AD 2100	http://pleiades.stoa.org/places/727131
727133	Kabasa	Settlement; 330 BC - AD 640	http://pleiades.stoa.org/places/727133
727135	Kalamine	Settlement; 30 BC - AD 300	http://pleiades.stoa.org/places/727135
727136	Kanope Ins.	Island; 550 BC - AD 2100	http://pleiades.stoa.org/places/727136
727139	Kanopike Limne	Labeled feature, Lake; 550 BC - AD 2100	http://pleiades.stoa.org/places/727139
727141	Kellia	Settlement; AD 300 - AD 640	http://pleiades.stoa.org/places/727141
727142	Kerkasoros	Settlement; 750 BC - AD 640	http://pleiades.stoa.org/places/727142
727144	Kynopolis	Settlement; 30 BC - AD 640	http://pleiades.stoa.org/places/727144
727146	Leontopolis	Settlement; 330 BC - AD 300	http://pleiades.stoa.org/places/727146
727147	Leontopolis	Labeled feature, Settlement; 750 BC - AD 640	http://pleiades.stoa.org/places/727147
727149	Letopolis	Settlement; 750 BC - AD 640	http://pleiades.stoa.org/places/727149
727152	Magdolos	Settlement; 750 BC - AD 640	http://pleiades.stoa.org/places/727152
727153	Mareia	Settlement, Port; 550 BC - AD 640	http://pleiades.stoa.org/places/727153
727154	Mareotis L.	Lake; 330 BC - AD 2000	http://pleiades.stoa.org/places/727154
727156	Mendes	Settlement; 4500 BC - AD 640	http://pleiades.stoa.org/places/727156
727162	Menouthis	Settlement; 750 BC - AD 640	http://pleiades.stoa.org/places/727162
727163	Metelis	Settlement; 330 BC - AD 640	http://pleiades.stoa.org/places/727163
727165	Momemphis	Settlement; 750 BC - AD 640	http://pleiades.stoa.org/places/727165
727168	Natho	Settlement; 550 BC - AD 640	http://pleiades.stoa.org/places/727168
727169	Naucratis	Settlement; 750 BC - AD 2100	http://pleiades.stoa.org/places/727169
727172	Nilus (river)	River; 6000 BC - AD 2100	http://pleiades.stoa.org/places/727172
727174	Nikiou	Settlement; 30 BC - AD 2100	http://pleiades.stoa.org/places/727174
727176	Nitriai	Settlement; 330 BC - AD 640	http://pleiades.stoa.org/places/727176
727179	Onouphis Ano	Settlement; 30 BC - AD 640	http://pleiades.stoa.org/places/727179
727180	Onouphis Kato	Settlement; 30 BC - AD 640	http://pleiades.stoa.org/places/727180
727183	Pachnamounis	Settlement; 30 BC - AD 640	http://pleiades.stoa.org/places/727183
727184	Panephysis	Settlement; 30 BC - AD 640	http://pleiades.stoa.org/places/727184
727187	Paralios Limne	Lake; 304 BC - AD 2100	http://pleiades.stoa.org/places/727187
727188	Paua	Settlement; 330 BC - AD 300	http://pleiades.stoa.org/places/727188
727192	Pelusium	Settlement, Port, Theatre, Fort; 2670 BC - AD 1516	http://pleiades.stoa.org/places/727192
727194	Phakoussa	Settlement; 330 BC - AD 2100	http://pleiades.stoa.org/places/727194
727196	Pharbaithos	Settlement; 750 BC - AD 640	http://pleiades.stoa.org/places/727196
727197	Pharos	Lighthouse; 330 BC - AD 640	http://pleiades.stoa.org/places/727197
727200	Phernouphis	Settlement; 330 BC - AD 300	http://pleiades.stoa.org/places/727200
727201	Phragonis	Settlement; 30 BC - AD 640	http://pleiades.stoa.org/places/727201
727204	Pikrai Limnai	Lake; 550 BC - AD 2100	http://pleiades.stoa.org/places/727204
727205	Plinthine	Church; 330 BC - AD 640	http://pleiades.stoa.org/places/727205
727207	Psenamosis	Settlement; 330 BC - 30 BC	http://pleiades.stoa.org/places/727207
727208	Psenemphaia	Settlement; 330 BC - AD 300	http://pleiades.stoa.org/places/727208
727217	Sais	Settlement; 750 BC - AD 640	http://pleiades.stoa.org/places/727217
727220	Saphthis	Settlement; 330 BC - AD 640	http://pleiades.stoa.org/places/727220
727221	Schedia/Chaireon/Menelais?	Settlement; 330 BC - AD 2100	http://pleiades.stoa.org/places/727221
727227	Sebennytos	Settlement; 750 BC - AD 640	http://pleiades.stoa.org/places/727227
727231	Sile	Settlement; 750 BC - AD 640	http://pleiades.stoa.org/places/727231
727232	Sketis	Valley; AD 300 - AD 2100	http://pleiades.stoa.org/places/727232
727235	Tamiathis	Settlement; AD 300 - AD 640	http://pleiades.stoa.org/places/727235
727236	Tanis	Settlement; 750 BC - AD 640	http://pleiades.stoa.org/places/727236
727238	Tanitike Limne	Settlement, Lake; 1548 BC - AD 2100	http://pleiades.stoa.org/places/727238
727241	Taposiris Megale	Tomb, Settlement; 330 BC - AD 2100	http://pleiades.stoa.org/places/727241
727242	Taposiris Mikra	Settlement; 330 BC - AD 640	http://pleiades.stoa.org/places/727242
727243	Taya	Settlement; 30 BC - AD 640	http://pleiades.stoa.org/places/727243
727244	Terenouthis	Settlement; 750 BC - AD 2100	http://pleiades.stoa.org/places/727244
727245	Thambol	Settlement; 30 BC - AD 640	http://pleiades.stoa.org/places/727245
727246	Thebyrchyth	Settlement; 330 BC - AD 640	http://pleiades.stoa.org/places/727246
727247	Thenessos	Settlement; 30 BC - AD 640	http://pleiades.stoa.org/places/727247
727249	Thmouis	Settlement; 750 BC - AD 2100	http://pleiades.stoa.org/places/727249
727253	Troikon Oros	Mine; 330 BC - AD 640	http://pleiades.stoa.org/places/727253
727256	Xois	Settlement; 30 BC - AD 640	http://pleiades.stoa.org/places/727256
736882	Ain el-Rayan el-Bahariya	Fort; 30 BC - AD 300	http://pleiades.stoa.org/places/736882
736883	Ain el-Rayan el-Wastaniya	Fort; 30 BC - AD 640	http://pleiades.stoa.org/places/736883
736884	Akanthonpolis	Settlement; 30 BC - AD 640	http://pleiades.stoa.org/places/736884
736885	Alabastronpolis/Alabastrine	Settlement; 330 BC - AD 2100	http://pleiades.stoa.org/places/736885
736886	Alilais?	Settlement; 330 BC - AD 300	http://pleiades.stoa.org/places/736886
736887	Andrianton	Temple; 330 BC - AD 300	http://pleiades.stoa.org/places/736887
736888	Ankyronpolis	Settlement; 330 BC - AD 2100	http://pleiades.stoa.org/places/736888
736889	Aphrodito(polis)	Settlement; 330 BC - AD 2100	http://pleiades.stoa.org/places/736889
736894	Artapatou	Settlement; 30 BC - AD 640	http://pleiades.stoa.org/places/736894
736896	Bakchias	Settlement; 330 BC - AD 2100	http://pleiades.stoa.org/places/736896
736897	Berky	Settlement; 30 BC - AD 640	http://pleiades.stoa.org/places/736897
736898	Bir Hawashiya	Station; 30 BC - AD 300	http://pleiades.stoa.org/places/736898
736900	Bousiris	Settlement; 330 BC - AD 640	http://pleiades.stoa.org/places/736900
736902	Chysis	Settlement; 330 BC - AD 2100	http://pleiades.stoa.org/places/736902
736904	Dionysias	Settlement; 330 BC - AD 2100	http://pleiades.stoa.org/places/736904
736907	Ereithis	Settlement; 30 BC - AD 640	http://pleiades.stoa.org/places/736907
736909	Euhemereia	Settlement; 330 BC - AD 2100	http://pleiades.stoa.org/places/736909
736910	Fenchi?	Settlement; 30 BC - AD 300	http://pleiades.stoa.org/places/736910
736912	Gabbanet el-Mitlaq	Cemetery; 330 BC - AD 300	http://pleiades.stoa.org/places/736912
736913	el-Gamhud	Cemetery; 330 BC - AD 300	http://pleiades.stoa.org/places/736913
736914	Gebel el-Nur	Settlement; 330 BC - AD 640	http://pleiades.stoa.org/places/736914
736915	Gebel el-Teir el-Qibli	Settlement; 30 BC - AD 300	http://pleiades.stoa.org/places/736915
736917	Hakis	Settlement; AD 300 - AD 640	http://pleiades.stoa.org/places/736917
736918	Haueris	Settlement; 330 BC - AD 2100	http://pleiades.stoa.org/places/736918
736920	Herakleopolis	Settlement; 330 BC - AD 640	http://pleiades.stoa.org/places/736920
736924	Hipponon/Phylake Hipponos	Settlement; 30 BC - AD 2100	http://pleiades.stoa.org/places/736924
736925	Hwt-nsw	Settlement; 330 BC - AD 640	http://pleiades.stoa.org/places/736925
736928	Ibion	Settlement; 30 BC - AD 640	http://pleiades.stoa.org/places/736928
736930	Isieion Kato	Settlement; 30 BC - AD 640	http://pleiades.stoa.org/places/736930
736932	Karanis	Settlement; 330 BC - AD 2100	http://pleiades.stoa.org/places/736932
736933	Kella	Settlement; 330 BC - 30 BC	http://pleiades.stoa.org/places/736933
736934	Kelol	Settlement; AD 300 - AD 640	http://pleiades.stoa.org/places/736934
736935	Kerke	Settlement; 330 BC - AD 2100	http://pleiades.stoa.org/places/736935
736936	Kerkeosiris	Settlement; 330 BC - AD 300	http://pleiades.stoa.org/places/736936
736937	Kerkethoeris?	Settlement; 330 BC - AD 640	http://pleiades.stoa.org/places/736937
736938	Kharabat Deir el-Halin	Settlement; 330 BC - AD 640	http://pleiades.stoa.org/places/736938
736939	Kom Abu Khalid	Cemetery; 30 BC - AD 300	http://pleiades.stoa.org/places/736939
736940	el-Kom el-Ahmar (Dishasha)	Cemetery; 330 BC - AD 300	http://pleiades.stoa.org/places/736940
736941	el-Kom el-Ahmar (Hihya)	Settlement; 30 BC - AD 300	http://pleiades.stoa.org/places/736941
736942	Kom Medinet Ghuran	Settlement; 330 BC - 30 BC	http://pleiades.stoa.org/places/736942
736943	Kom Medinet Ghurab	Settlement; 330 BC - AD 640	http://pleiades.stoa.org/places/736943
736944	Kom Namrud	Settlement; 330 BC - AD 300	http://pleiades.stoa.org/places/736944
736945	Koma	Settlement; 330 BC - AD 2100	http://pleiades.stoa.org/places/736945
736946	Kos	Settlement; 330 BC - AD 640	http://pleiades.stoa.org/places/736946
736948	Krokodilopolis/Ptolemais Euergetis	Settlement; 2600000 BC - AD 2100	http://pleiades.stoa.org/places/736948
736949	Kynopolis/Sko/Euergetis	Settlement; 330 BC - AD 640	http://pleiades.stoa.org/places/736949
736952	Labyrinthos	Temple-2; 550 BC - AD 300	http://pleiades.stoa.org/places/736952
736953	el-Lahun	Tomb; 2010 BC - AD 640	http://pleiades.stoa.org/places/736953
736956	Magdola	Settlement; 330 BC - AD 640	http://pleiades.stoa.org/places/736956
736957	Mahattit Ziyar Romaniya	Station; 30 BC - AD 300	http://pleiades.stoa.org/places/736957
736958	Meidum	Tomb, Cemetery; 2670 BC - AD 640	http://pleiades.stoa.org/places/736958
736960	Mataei	Settlement; AD 300 - AD 640	http://pleiades.stoa.org/places/736960
736961	el-Medina	Cemetery; 330 BC - AD 640	http://pleiades.stoa.org/places/736961
736962	Medinet Quta	Settlement; 330 BC - AD 300	http://pleiades.stoa.org/places/736962
736963	Memphis	Urban, Settlement; 6000 BC - AD 2000	http://pleiades.stoa.org/places/736963
736965	Metrodoron	Settlement; 330 BC - AD 640	http://pleiades.stoa.org/places/736965
736966	Mnachis	Settlement; 30 BC - AD 640	http://pleiades.stoa.org/places/736966
736967	Moeris L.	Lake; 330 BC - AD 2100	http://pleiades.stoa.org/places/736967
736968	Moi(e)thymis	Settlement; 330 BC - AD 2100	http://pleiades.stoa.org/places/736968
736969	Molothis?	Settlement; 330 BC - 30 BC	http://pleiades.stoa.org/places/736969
736970	Mouchis	Settlement; 30 BC - AD 640	http://pleiades.stoa.org/places/736970
736972	Narmouthis	Settlement; 330 BC - AD 2100	http://pleiades.stoa.org/places/736972
736973	Neiloupolis	Settlement; 330 BC - AD 640	http://pleiades.stoa.org/places/736973
736975	Neklone	Church; AD 300 - AD 640	http://pleiades.stoa.org/places/736975
736976	Nezlet el-Shurafa	Settlement; 30 BC - AD 300	http://pleiades.stoa.org/places/736976
736978	Nino	Settlement; AD 300 - AD 640	http://pleiades.stoa.org/places/736978
736979	Noeris	Settlement; 30 BC - AD 640	http://pleiades.stoa.org/places/736979
736981	Ophis?	Settlement; 30 BC - AD 640	http://pleiades.stoa.org/places/736981
736983	Oxyrhynchus/Pemje	Settlement; 550 BC - AD 640	http://pleiades.stoa.org/places/736983
736985	Paabeithis	Settlement; 330 BC - 30 BC	http://pleiades.stoa.org/places/736985
736986	Paeimis	Settlement; 330 BC - AD 640	http://pleiades.stoa.org/places/736986
736987	Pakerke	Settlement; 30 BC - AD 300	http://pleiades.stoa.org/places/736987
736988	Palosis	Settlement; 30 BC - AD 640	http://pleiades.stoa.org/places/736988
736989	Panarachthis/Pinarachthis	Settlement; 330 BC - AD 640	http://pleiades.stoa.org/places/736989
736990	Pangouleeiou?	Settlement; 30 BC - AD 640	http://pleiades.stoa.org/places/736990
736991	Pantikou	Settlement; AD 300 - AD 640	http://pleiades.stoa.org/places/736991
736992	Papa	Settlement; 330 BC - AD 2100	http://pleiades.stoa.org/places/736992
736993	Parembole	Settlement; AD 300 - AD 640	http://pleiades.stoa.org/places/736993
736995	Peenameus	Settlement; 330 BC - AD 2100	http://pleiades.stoa.org/places/736995
736996	Peentalis	Settlement; 330 BC - AD 640	http://pleiades.stoa.org/places/736996
736997	Pela	Settlement; 330 BC - AD 2100	http://pleiades.stoa.org/places/736997
736998	Peme/Hypsele	Settlement; 330 BC - AD 640	http://pleiades.stoa.org/places/736998
737000	Peretnouis/Pheretnouis	Settlement; 30 BC - AD 640	http://pleiades.stoa.org/places/737000
737001	Perkethaut/Philagris?	Settlement; 330 BC - AD 2100	http://pleiades.stoa.org/places/737001
737002	Petne	Settlement; 30 BC - AD 2100	http://pleiades.stoa.org/places/737002
737003	Phanou	Settlement; AD 300 - AD 640	http://pleiades.stoa.org/places/737003
737005	Phebichis	Settlement; 330 BC - AD 640	http://pleiades.stoa.org/places/737005
737006	Phentemin	Settlement; 30 BC - AD 640	http://pleiades.stoa.org/places/737006
737008	Philadelpheia	Settlement; 330 BC - AD 2100	http://pleiades.stoa.org/places/737008
737010	Philoteris	Settlement; 330 BC - AD 300	http://pleiades.stoa.org/places/737010
737011	Phthochis	Settlement; 30 BC - AD 2100	http://pleiades.stoa.org/places/737011
737013	Piamouei	Settlement; AD 300 - AD 640	http://pleiades.stoa.org/places/737013
737015	Pisais	Settlement; 30 BC - AD 2100	http://pleiades.stoa.org/places/737015
737018	Polydeukia	Settlement; 330 BC - AD 2100	http://pleiades.stoa.org/places/737018
737019	Pouet	Settlement; AD 300 - AD 640	http://pleiades.stoa.org/places/737019
737020	Psebthonembe	Settlement; 330 BC - AD 300	http://pleiades.stoa.org/places/737020
737021	Psenaryo	Settlement; 330 BC - AD 300	http://pleiades.stoa.org/places/737021
737023	Psenyris	Settlement; 330 BC - AD 640	http://pleiades.stoa.org/places/737023
737025	Psobthis	Settlement; 30 BC - AD 300	http://pleiades.stoa.org/places/737025
737027	Psychis	Settlement; 330 BC - AD 2100	http://pleiades.stoa.org/places/737027
737029	Ptolemais Hormou	Settlement; 330 BC - AD 2100	http://pleiades.stoa.org/places/737029
737030	Ptoou Nkalamon	Church; AD 300 - AD 640	http://pleiades.stoa.org/places/737030
737033	el-Qamadir	Cemetery; 30 BC - AD 300	http://pleiades.stoa.org/places/737033
737034	el-Qawatir	Mine; 330 BC - AD 300	http://pleiades.stoa.org/places/737034
737036	Sadalou	Settlement; 30 BC - AD 640	http://pleiades.stoa.org/places/737036
737037	Saft el-Gharbiya	Cemetery; 330 BC - AD 300	http://pleiades.stoa.org/places/737037
737038	el-Sawaita	Mine; 330 BC - AD 640	http://pleiades.stoa.org/places/737038
737039	Schmonthis	Settlement; 330 BC - AD 300	http://pleiades.stoa.org/places/737039
737040	Se(o)uerou	Settlement; AD 300 - AD 640	http://pleiades.stoa.org/places/737040
737041	Sele	Settlement; AD 300 - AD 640	http://pleiades.stoa.org/places/737041
737042	Senekeleu	Settlement; 30 BC - AD 2100	http://pleiades.stoa.org/places/737042
737043	Senokomis	Settlement; 30 BC - AD 640	http://pleiades.stoa.org/places/737043
737044	Serapeum	Cemetery; 330 BC - AD 640	http://pleiades.stoa.org/places/737044
737045	Seryphis	Settlement; 330 BC - AD 2100	http://pleiades.stoa.org/places/737045
737046	el-Sheikh Hassan	Settlement; 330 BC - AD 300	http://pleiades.stoa.org/places/737046
737047	Sinary/Pseneros	Settlement; 330 BC - AD 2100	http://pleiades.stoa.org/places/737047
737048	Sintabo	Settlement; 30 BC - AD 640	http://pleiades.stoa.org/places/737048
737049	Sitheus	Settlement; 330 BC - 30 BC	http://pleiades.stoa.org/places/737049
737050	Skenai Mandrai	Fort; 30 BC - AD 640	http://pleiades.stoa.org/places/737050
737052	Sobthis?	Settlement; 330 BC - AD 640	http://pleiades.stoa.org/places/737052
737053	Soknopaiou Nesos	Settlement; 330 BC - AD 2100	http://pleiades.stoa.org/places/737053
737054	Somolo	Settlement; 30 BC - AD 640	http://pleiades.stoa.org/places/737054
737055	Sophthis	Settlement; 330 BC - AD 2100	http://pleiades.stoa.org/places/737055
737056	Spania	Settlement; AD 300 - AD 2100	http://pleiades.stoa.org/places/737056
737058	Taamorou	Settlement; 330 BC - AD 2100	http://pleiades.stoa.org/places/737058
737059	Taampemou	Settlement; 30 BC - AD 2100	http://pleiades.stoa.org/places/737059
737060	Taampeti	Settlement; 30 BC - AD 2100	http://pleiades.stoa.org/places/737060
737061	Takolkeilis	Settlement; 30 BC - AD 640	http://pleiades.stoa.org/places/737061
737062	Takona	Settlement; 330 BC - AD 640	http://pleiades.stoa.org/places/737062
737063	Takyris	Tomb, Cemetery; 2670 BC - 30 BC	http://pleiades.stoa.org/places/737063
737064	Talao	Settlement; 330 BC - AD 640	http://pleiades.stoa.org/places/737064
737065	Talei(this)	Settlement; 330 BC - AD 2100	http://pleiades.stoa.org/places/737065
737066	Tamais?	Settlement; 330 BC - AD 2100	http://pleiades.stoa.org/places/737066
737067	el-Tamarkiya	Cemetery; 330 BC - AD 300	http://pleiades.stoa.org/places/737067
737068	Tanchais	Settlement; 330 BC - AD 2100	http://pleiades.stoa.org/places/737068
737070	Tarousebt	Settlement; AD 300 - AD 640	http://pleiades.stoa.org/places/737070
737071	Tebetny	Settlement; 330 BC - AD 640	http://pleiades.stoa.org/places/737071
737072	Tebtynis/Theodosioupolis?	Settlement; 330 BC - AD 2100	http://pleiades.stoa.org/places/737072
737073	Techtho	Settlement; 330 BC - AD 2100	http://pleiades.stoa.org/places/737073
737074	Tell el-Ma'araka	Settlement; 330 BC - AD 640	http://pleiades.stoa.org/places/737074
737075	Temseu Skordon	Settlement; 30 BC - AD 640	http://pleiades.stoa.org/places/737075
737076	Temsiris	Settlement; 30 BC - AD 640	http://pleiades.stoa.org/places/737076
737077	Tenis he kai Hakoreos	Settlement; 330 BC - AD 300	http://pleiades.stoa.org/places/737077
737078	Terbe	Settlement; AD 300 - AD 640	http://pleiades.stoa.org/places/737078
737079	Terythis?	Settlement; 330 BC - AD 640	http://pleiades.stoa.org/places/737079
737080	*Thallos	Settlement; 2168 BC - AD 2100	http://pleiades.stoa.org/places/737080
737081	Theadelpheia	Settlement; 330 BC - AD 2100	http://pleiades.stoa.org/places/737081
737085	Thmoinepsi	Settlement; AD 300 - AD 2100	http://pleiades.stoa.org/places/737085
737086	Thmoiamounis	Settlement; 30 BC - AD 640	http://pleiades.stoa.org/places/737086
737087	Tholthis	Settlement; 330 BC - AD 640	http://pleiades.stoa.org/places/737087
737088	Tihna	Mine; 330 BC - AD 300	http://pleiades.stoa.org/places/737088
737089	Tilothis/Neiloupolis	Settlement; 330 BC - AD 2100	http://pleiades.stoa.org/places/737089
737090	Tinteris	Settlement; 330 BC - AD 2100	http://pleiades.stoa.org/places/737090
737091	Tmou	Settlement; AD 300 - AD 640	http://pleiades.stoa.org/places/737091
737092	Toachris	Settlement; 330 BC - AD 640	http://pleiades.stoa.org/places/737092
737093	Tomis fl.	River; 30 BC - AD 2100	http://pleiades.stoa.org/places/737093
737094	Toou/Theodosioupolis	Settlement; 30 BC - AD 2100	http://pleiades.stoa.org/places/737094
737096	Troikon Oros	Mountain, Mine; 330 BC - AD 2100	http://pleiades.stoa.org/places/737096
737097	Tsimistea	Settlement; AD 300 - AD 640	http://pleiades.stoa.org/places/737097
737099	Umm Suwagi	Station; 30 BC - AD 640	http://pleiades.stoa.org/places/737099
737103	Wadi Sheikh Yasin	Mine; 330 BC - 30 BC	http://pleiades.stoa.org/places/737103
737105	Zawyet el-Sultan	Mine; 330 BC - AD 300	http://pleiades.stoa.org/places/737105
746701	Aelaniticus Sinus	Water-open; 30 BC - AD 2100	http://pleiades.stoa.org/places/746701
746706	Ain Hudera	Settlement; 330 BC - AD 640	http://pleiades.stoa.org/places/746706
746707	Ain Nagila	Church; AD 300 - AD 640	http://pleiades.stoa.org/places/746707
746713	Arandara	Station; 30 BC - AD 640	http://pleiades.stoa.org/places/746713
746714	el-Arba'in	Church; AD 300 - AD 640	http://pleiades.stoa.org/places/746714
746727	ed-Deir	Church; AD 300 - AD 640	http://pleiades.stoa.org/places/746727
746728	Deir Antush	Church; AD 300 - AD 640	http://pleiades.stoa.org/places/746728
746729	Deir Rumhan	Church; AD 300 - AD 640	http://pleiades.stoa.org/places/746729
746730	Deir Umm Arad	Church; AD 300 - AD 640	http://pleiades.stoa.org/places/746730
746731	Deir Umm Butme	Church; AD 300 - AD 640	http://pleiades.stoa.org/places/746731
746733	Farsh el-Qasr	Church; AD 300 - AD 640	http://pleiades.stoa.org/places/746733
746734	Farsh Habash	Church; AD 300 - AD 640	http://pleiades.stoa.org/places/746734
746736	el-Fra'iyeh	Church; AD 300 - AD 640	http://pleiades.stoa.org/places/746736
746740	Geth Rabbi	Church; AD 300 - AD 640	http://pleiades.stoa.org/places/746740
746741	Gypsaria?	Station; 330 BC - AD 640	http://pleiades.stoa.org/places/746741
746745	Horeb Mons, Mon.	Church; AD 300 - AD 2100	http://pleiades.stoa.org/places/746745
746747	Iotabe? Ins.	Island; AD 1700 - AD 2100	http://pleiades.stoa.org/places/746747
746751	Jebel Moneijah	Sanctuary; 30 BC - AD 300	http://pleiades.stoa.org/places/746751
746752	Jebel Serbal	Church; AD 300 - AD 640	http://pleiades.stoa.org/places/746752
746756	el-Khirbet	Church; AD 300 - AD 640	http://pleiades.stoa.org/places/746756
746773	Koubri	Station; 550 BC - 330 BC	http://pleiades.stoa.org/places/746773
746778	Marah	Station; AD 300 - AD 640	http://pleiades.stoa.org/places/746778
746780	el-Ma'yen	Church; AD 300 - AD 640	http://pleiades.stoa.org/places/746780
746786	Naqb Jedid	Station; 330 BC - AD 300	http://pleiades.stoa.org/places/746786
746788	Nuweiba	Settlement; 30 BC - AD 300	http://pleiades.stoa.org/places/746788
746792	Pharan	Settlement; 30 BC - AD 640	http://pleiades.stoa.org/places/746792
746800	*Qubba	Church; AD 300 - AD 640	http://pleiades.stoa.org/places/746800
746804	Ras Abu el Daraq	Church; AD 300 - AD 640	http://pleiades.stoa.org/places/746804
746805	Rephidim	Church; AD 300 - AD 640	http://pleiades.stoa.org/places/746805
746806	Rhaithou	Settlement; 330 BC - AD 300	http://pleiades.stoa.org/places/746806
746811	Serabit el-Khadim	Mine; 750 BC - AD 300	http://pleiades.stoa.org/places/746811
746812	Sigillyah	Church; AD 300 - AD 640	http://pleiades.stoa.org/places/746812
746813	Sinai	Peninsula, Region; AD 1700 - AD 2100	http://pleiades.stoa.org/places/746813
746819	Tell el-Mashraba	Settlement; 30 BC - AD 300	http://pleiades.stoa.org/places/746819
746820	Tell el-Raya	Settlement; 30 BC - AD 640	http://pleiades.stoa.org/places/746820
746821	Tell Mahrad	Settlement; AD 300 - AD 640	http://pleiades.stoa.org/places/746821
746824	Tholas	Church; AD 300 - AD 640	http://pleiades.stoa.org/places/746824
746826	Tou Batou	Church; AD 300 - AD 640	http://pleiades.stoa.org/places/746826
746833	Wadi Haggag	Station; AD 300 - AD 640	http://pleiades.stoa.org/places/746833
746834	Wadi Mukkatab	Station; 330 BC - AD 640	http://pleiades.stoa.org/places/746834
746836	Wadi Nasb	Settlement; 330 BC - AD 640	http://pleiades.stoa.org/places/746836
746839	Wadi Tuweiba	Station; 30 BC - AD 300	http://pleiades.stoa.org/places/746839
746840	Wadi Umm Zerdal	Mine; 30 BC - AD 640	http://pleiades.stoa.org/places/746840
750429666	Tineida	Settlement	http://pleiades.stoa.org/places/750429666
756300531	Gebel el-Muzawaka	Cemetery; 330 BC - AD 640	http://pleiades.stoa.org/places/756300531
756512	Abydos/Ebot	Sanctuary, Settlement, Cemetery, Temple-2; 4500 BC - AD 640	http://pleiades.stoa.org/places/756512
756515	Antaiopolis/Tkoou	Settlement; 330 BC - AD 640	http://pleiades.stoa.org/places/756515
756518	Antinoopolis	Settlement; 30 BC - AD 640	http://pleiades.stoa.org/places/756518
756519	Apa Abraham, Mon.	Church; AD 300 - AD 640	http://pleiades.stoa.org/places/756519
756520	Apa Apollo, Mon.	Church; AD 300 - AD 640	http://pleiades.stoa.org/places/756520
756521	Apa Apollo, Mon.	Church; AD 300 - AD 640	http://pleiades.stoa.org/places/756521
756522	Apa Apollo, Mon.	Church; AD 300 - AD 640	http://pleiades.stoa.org/places/756522
756523	Apa Bane, Mon.	Church; AD 300 - AD 2100	http://pleiades.stoa.org/places/756523
756524	Apa Djoore, Mon.	Church; AD 300 - AD 640	http://pleiades.stoa.org/places/756524
756525	Apa Ioannes, Mon.	Church; AD 300 - AD 640	http://pleiades.stoa.org/places/756525
756526	Apa Makrobios, Mon.	Church; AD 300 - AD 640	http://pleiades.stoa.org/places/756526
756527	Apa Palemon, Mon.	Church; AD 300 - AD 640	http://pleiades.stoa.org/places/756527
756528	Apa Psoi, Mon.	Church; AD 300 - AD 640	http://pleiades.stoa.org/places/756528
756529	Apa Psote, Mon./Amba Bisada	Church; AD 300 - AD 640	http://pleiades.stoa.org/places/756529
756530	Apa Senouthou, Mon.	Church; AD 300 - AD 640	http://pleiades.stoa.org/places/756530
756531	Apa Souroutos, Mon.	Church; AD 300 - AD 640	http://pleiades.stoa.org/places/756531
756532	Aphroditopolis/Aphrodito	Settlement; 30 BC - AD 640	http://pleiades.stoa.org/places/756532
756534	Apollonopolis Heptakomias Mikra/Sbeht	Settlement; 30 BC - AD 640	http://pleiades.stoa.org/places/756534
756536	Apotheke	Settlement; AD 300 - AD 2100	http://pleiades.stoa.org/places/756536
756538	Athribis/Triph(i)eion	Settlement; 330 BC - AD 2100	http://pleiades.stoa.org/places/756538
756540	Bau/Pboou	Church; AD 300 - AD 640	http://pleiades.stoa.org/places/756540
756541	Bergoout	Settlement; AD 300 - AD 640	http://pleiades.stoa.org/places/756541
756542	Bompae	Settlement; 30 BC - AD 640	http://pleiades.stoa.org/places/756542
756545	Chenoboskion	Settlement; 330 BC - AD 640	http://pleiades.stoa.org/places/756545
756547	Deir Abu Fam	Church; AD 300 - AD 640	http://pleiades.stoa.org/places/756547
756548	Deir Abu Harmina	Church; AD 300 - AD 640	http://pleiades.stoa.org/places/756548
756549	Deir Abu Hennes	Church; AD 300 - AD 640	http://pleiades.stoa.org/places/756549
756550	Deir Abu Masis	Church; AD 300 - AD 640	http://pleiades.stoa.org/places/756550
756551	Deir Am-Nasara	Church; AD 300 - AD 640	http://pleiades.stoa.org/places/756551
756552	Deir Anba Bakhum	Church; AD 300 - AD 640	http://pleiades.stoa.org/places/756552
756554	Deir Anba Pschoi/Deir Anba Bishai	Church; AD 300 - AD 640	http://pleiades.stoa.org/places/756554
756555	Deir Dronkeh	Church; AD 300 - AD 640	http://pleiades.stoa.org/places/756555
756556	Deir el-Adra	Church; AD 300 - AD 640	http://pleiades.stoa.org/places/756556
756557	Deir el-Dik	Church; AD 300 - AD 640	http://pleiades.stoa.org/places/756557
756558	Deir el-Kosseir	Church; AD 300 - AD 640	http://pleiades.stoa.org/places/756558
756559	Deir el-Malek	Church; AD 300 - AD 640	http://pleiades.stoa.org/places/756559
756560	Deir el-Muttin	Church; AD 300 - AD 640	http://pleiades.stoa.org/places/756560
756561	Deir el-Shuhada	Church; AD 300 - AD 640	http://pleiades.stoa.org/places/756561
756562	Deir Madoud	Church; AD 300 - AD 640	http://pleiades.stoa.org/places/756562
756563	Deir Magara	Church; AD 300 - AD 640	http://pleiades.stoa.org/places/756563
756564	Deir Sombat	Church; AD 300 - AD 640	http://pleiades.stoa.org/places/756564
756566	Diospolis Mikra	Settlement; 330 BC - AD 2100	http://pleiades.stoa.org/places/756566
756569	Enseu	Settlement; 30 BC - AD 640	http://pleiades.stoa.org/places/756569
756570	Erebe	Church; AD 300 - AD 640	http://pleiades.stoa.org/places/756570
756572	Esou/Is(s)ou	Settlement; 30 BC - AD 640	http://pleiades.stoa.org/places/756572
756574	Hermopolis Magna/Schmun	Settlement; 550 BC - AD 640	http://pleiades.stoa.org/places/756574
756576	Hierakion	Settlement; AD 300 - AD 640	http://pleiades.stoa.org/places/756576
756577	Houor	Settlement; AD 300 - AD 640	http://pleiades.stoa.org/places/756577
756578	Hypsele/Schotep	Settlement; 330 BC - AD 2100	http://pleiades.stoa.org/places/756578
756581	Ibion Tanoupeos	Settlement; 30 BC - AD 640	http://pleiades.stoa.org/places/756581
756583	Isiu	Fort; 30 BC - AD 640	http://pleiades.stoa.org/places/756583
756584	Itos	Church; 30 BC - AD 2100	http://pleiades.stoa.org/places/756584
756586	Kleopatra	Settlement; 330 BC - AD 640	http://pleiades.stoa.org/places/756586
756587	Kleopatris	Settlement; 30 BC - AD 640	http://pleiades.stoa.org/places/756587
756588	Koussai/Koskam	Settlement; 330 BC - AD 640	http://pleiades.stoa.org/places/756588
756591	Lepidoton Polis	Settlement; 30 BC - AD 640	http://pleiades.stoa.org/places/756591
756593	Lykopolis/Siout	Settlement; 2670 BC - AD 2100	http://pleiades.stoa.org/places/756593
756596	Makhareg	Station; 30 BC - AD 640	http://pleiades.stoa.org/places/756596
756597	Makhareg Gharb	Station; 30 BC - AD 640	http://pleiades.stoa.org/places/756597
756598	Manbalot	Settlement; AD 300 - AD 640	http://pleiades.stoa.org/places/756598
756599	[Manlau]	Settlement; AD 300 - AD 640	http://pleiades.stoa.org/places/756599
756600	Micholis	Settlement; 30 BC - AD 2100	http://pleiades.stoa.org/places/756600
756601	Monkanei	Settlement; 30 BC - AD 640	http://pleiades.stoa.org/places/756601
756602	Moira(i)	Settlement; 30 BC - AD 2100	http://pleiades.stoa.org/places/756602
756603	Mouchis?	Settlement; AD 300 - AD 640	http://pleiades.stoa.org/places/756603
756604	Mouchonsis/Tmushons	Settlement; AD 300 - AD 640	http://pleiades.stoa.org/places/756604
756605	Muthis	Fort; 30 BC - AD 640	http://pleiades.stoa.org/places/756605
756607	Nagos	Settlement; AD 300 - AD 640	http://pleiades.stoa.org/places/756607
756612	Paneheou	Settlement; AD 300 - AD 640	http://pleiades.stoa.org/places/756612
756613	Panopolis/Schmin	Settlement; 330 BC - AD 640	http://pleiades.stoa.org/places/756613
756615	Paphor, Mon.	Church; AD 300 - AD 640	http://pleiades.stoa.org/places/756615
756616	Paploou	Settlement; AD 300 - AD 2100	http://pleiades.stoa.org/places/756616
756617	Patrimon	Settlement; AD 300 - AD 640	http://pleiades.stoa.org/places/756617
756620	Perdes	Settlement; AD 300 - AD 640	http://pleiades.stoa.org/places/756620
756621	Pes(c)la Ano	Settlement; 30 BC - AD 640	http://pleiades.stoa.org/places/756621
756622	Phthla/Pdgila	Settlement; 30 BC - AD 640	http://pleiades.stoa.org/places/756622
756623	Pleuit/Pneueit	Settlement; AD 300 - AD 640	http://pleiades.stoa.org/places/756623
756624	Pohe	Settlement; AD 300 - AD 640	http://pleiades.stoa.org/places/756624
756625	‘Poisarietemidos’	Fort; AD 300 - AD 640	http://pleiades.stoa.org/places/756625
756626	Pokis	Settlement; 30 BC - AD 300	http://pleiades.stoa.org/places/756626
756628	Psinabla	Settlement; 30 BC - AD 640	http://pleiades.stoa.org/places/756628
756631	Psonis	Settlement; 30 BC - AD 2100	http://pleiades.stoa.org/places/756631
756632	Psothis	Settlement; 30 BC - AD 640	http://pleiades.stoa.org/places/756632
756633	Psoubai	Settlement; AD 300 - AD 640	http://pleiades.stoa.org/places/756633
756634	(P)Teme	Settlement; AD 300 - AD 640	http://pleiades.stoa.org/places/756634
756635	Ptolemais Hermiou/Psoi	Settlement; 330 BC - AD 2100	http://pleiades.stoa.org/places/756635
756641	Selino/Silili	Settlement; 30 BC - AD 640	http://pleiades.stoa.org/places/756641
756642	Senkyrkis	Settlement; 30 BC - AD 640	http://pleiades.stoa.org/places/756642
756643	Senoabis	Settlement; 30 BC - AD 640	http://pleiades.stoa.org/places/756643
756646	Somou	Settlement; 30 BC - AD 640	http://pleiades.stoa.org/places/756646
756647	Speos Artemidos	Church; AD 300 - AD 640	http://pleiades.stoa.org/places/756647
756650	[Tachlout]	Settlement; AD 300 - AD 640	http://pleiades.stoa.org/places/756650
756651	Tachoi	Settlement; 330 BC - AD 640	http://pleiades.stoa.org/places/756651
756652	Tal'at al-Arta	Station; 30 BC - AD 640	http://pleiades.stoa.org/places/756652
756653	Telke	Settlement; AD 300 - AD 640	http://pleiades.stoa.org/places/756653
756659	This	Settlement; 330 BC - AD 2100	http://pleiades.stoa.org/places/756659
756660	Thmoo	Fort; 30 BC - AD 640	http://pleiades.stoa.org/places/756660
756661	Thmoresis	Settlement; AD 300 - AD 640	http://pleiades.stoa.org/places/756661
756662	Thynis/Thone	Settlement; 330 BC - AD 2100	http://pleiades.stoa.org/places/756662
756663	Titkois	Church; AD 300 - AD 2100	http://pleiades.stoa.org/places/756663
756665	Tlethmis	Settlement; 30 BC - AD 2100	http://pleiades.stoa.org/places/756665
756667	Toeto	Settlement; 30 BC - AD 640	http://pleiades.stoa.org/places/756667
756669	(T)Polybiane	Settlement; AD 300 - AD 640	http://pleiades.stoa.org/places/756669
756672	Ujra Zena	Station; 30 BC - AD 640	http://pleiades.stoa.org/places/756672
756676	[Wadi Sarga]	Church; AD 300 - AD 640	http://pleiades.stoa.org/places/756676
568902179	Aswan Quarry Landscape	Mine, Monument; 1548 BC - AD 640	http://pleiades.stoa.org/places/568902179
520285929	Pyramid of Djedefre	Tomb; 2670 BC - 2168 BC	http://pleiades.stoa.org/places/520285929
864388873	Deir el-Medina	Settlement; 1548 BC - 1086 BC	http://pleiades.stoa.org/places/864388873
384697574	Valley of the Kings	Tomb, Cemetery; 1548 BC - 1086 BC	http://pleiades.stoa.org/places/384697574
800113525	Pyramid of Pepi I at Saqqarah	Tomb, Pyramid; 2670 BC - 2168 BC	http://pleiades.stoa.org/places/800113525
766327	Abu Diyeiba	Settlement; 330 BC - 30 BC	http://pleiades.stoa.org/places/766327
766328	Abu Garahish	Settlement; 330 BC - 30 BC	http://pleiades.stoa.org/places/766328
766329	Abu Gariya	Station; 30 BC - AD 300	http://pleiades.stoa.org/places/766329
766330	Abu Gerida	Fort; 330 BC - 30 BC	http://pleiades.stoa.org/places/766330
766331	Abu Greiya	Station; 30 BC - AD 640	http://pleiades.stoa.org/places/766331
766332	Abu Sha'ar	Fort; 30 BC - AD 640	http://pleiades.stoa.org/places/766332
766333	Abu Sha'ar al-Bahri	Station; 30 BC - AD 300	http://pleiades.stoa.org/places/766333
766334	Abu Zawal	Station, Fort; 30 BC - AD 300	http://pleiades.stoa.org/places/766334
766337	el-'Aras	Station; 30 BC - AD 640	http://pleiades.stoa.org/places/766337
766338	Atrash Northeast	Station; 30 BC - AD 300	http://pleiades.stoa.org/places/766338
766340	Bab el-Mukhenig	Station; 30 BC - AD 640	http://pleiades.stoa.org/places/766340
766341	Badia'	Station, Fort; 30 BC - AD 640	http://pleiades.stoa.org/places/766341
766342	Bir Salah	Station; 30 BC - AD 640	http://pleiades.stoa.org/places/766342
766343	Bir Sirbakis	Settlement; 330 BC - 30 BC	http://pleiades.stoa.org/places/766343
766344	Bir Umm Disi	Settlement; 30 BC - AD 300	http://pleiades.stoa.org/places/766344
766345	Bir Wasif	Settlement; 750 BC - 30 BC	http://pleiades.stoa.org/places/766345
766346	Bukhalug	Settlement; 330 BC - AD 300	http://pleiades.stoa.org/places/766346
766350	Deir Abu Sha'ar el-Qibli	Station; 30 BC - AD 640	http://pleiades.stoa.org/places/766350
766351	Deir el-Atrash	Station; 30 BC - AD 640	http://pleiades.stoa.org/places/766351
766352	Deir Kebir Wadi Ma'amal	Fort; 30 BC - AD 640	http://pleiades.stoa.org/places/766352
766353	Deir Semna	Fort; 30 BC - AD 300	http://pleiades.stoa.org/places/766353
766354	Deir Sugheir Wadi Ma'amal	Fort; 30 BC - AD 640	http://pleiades.stoa.org/places/766354
766355	Deir Umm Diqal	Settlement; 30 BC - AD 640	http://pleiades.stoa.org/places/766355
766356	Drepanum Pr.	Cape; AD 1700 - AD 2100	http://pleiades.stoa.org/places/766356
766358	Eridiya	Settlement; 30 BC - AD 640	http://pleiades.stoa.org/places/766358
766361	Fatira el-Beida	Station; 30 BC - AD 300	http://pleiades.stoa.org/places/766361
766362	Fatira el-Beida el-Qibli	Station; 30 BC - AD 300	http://pleiades.stoa.org/places/766362
766363	Footpath Station	Fort; 30 BC - AD 300	http://pleiades.stoa.org/places/766363
766365	Gebel Zeit	Mine; 30 BC - AD 640	http://pleiades.stoa.org/places/766365
766366	Ghuzza	Fort; 330 BC - AD 300	http://pleiades.stoa.org/places/766366
766367	Gidami	Station; 30 BC - AD 300	http://pleiades.stoa.org/places/766367
766369	el-Heita	Station; 30 BC - AD 640	http://pleiades.stoa.org/places/766369
766375	Klaudianon	Mine, Fort; 30 BC - AD 640	http://pleiades.stoa.org/places/766375
766379	Lycabettos	Settlement, Mine; 30 BC - AD 300	http://pleiades.stoa.org/places/766379
766381	Maghrabiya	Settlement; 30 BC - AD 300	http://pleiades.stoa.org/places/766381
766383	Milaha al-Nakhl	Settlement; 30 BC - AD 640	http://pleiades.stoa.org/places/766383
766387	Northwest Village	Settlement; 30 BC - AD 300	http://pleiades.stoa.org/places/766387
766391	Porphyrites M.	Mountain, Mine; 30 BC - AD 640	http://pleiades.stoa.org/places/766391
766392	Poseidion Pr.	Cape; AD 1700 - AD 2100	http://pleiades.stoa.org/places/766392
766394	Qasr Hadie	Fort; 30 BC - AD 300	http://pleiades.stoa.org/places/766394
766395	Qattar	Station, Fort; 30 BC - AD 640	http://pleiades.stoa.org/places/766395
766396	Quei	Station; 30 BC - AD 300	http://pleiades.stoa.org/places/766396
766400	Saqia	Settlement; 750 BC - 550 BC	http://pleiades.stoa.org/places/766400
766401	el-Saqqia	Station; 30 BC - AD 300	http://pleiades.stoa.org/places/766401
766402	Semna	Station, Fort; 330 BC - AD 300	http://pleiades.stoa.org/places/766402
766408	Tiberiane	Fort; 30 BC - AD 300	http://pleiades.stoa.org/places/766408
766410	Umm 'Anab	Settlement; 30 BC - AD 300	http://pleiades.stoa.org/places/766410
766411	Umm Balad	Fort; 30 BC - AD 2100	http://pleiades.stoa.org/places/766411
766412	Umm Dalfa	Station; 30 BC - AD 300	http://pleiades.stoa.org/places/766412
766413	Umm Esh	Settlement; 30 BC - AD 300	http://pleiades.stoa.org/places/766413
766414	Umm Hayatat	Settlement; AD 300 - AD 640	http://pleiades.stoa.org/places/766414
766415	Umm Huyut	Settlement; 30 BC - AD 300	http://pleiades.stoa.org/places/766415
766416	Umm Shegilat	Settlement; 30 BC - AD 300	http://pleiades.stoa.org/places/766416
766417	Umm Sidra	Fort; 30 BC - AD 640	http://pleiades.stoa.org/places/766417
766418	Umm Towat	Settlement; 30 BC - AD 300	http://pleiades.stoa.org/places/766418
766422	Wadi Abu Shuwehat	Station; 30 BC - AD 300	http://pleiades.stoa.org/places/766422
766423	Wadi Am Missara	Settlement; 550 BC - 30 BC	http://pleiades.stoa.org/places/766423
766424	Wadi Belih	Fort; 30 BC - AD 300	http://pleiades.stoa.org/places/766424
766425	Wadi Markh	Settlement; 330 BC - 30 BC	http://pleiades.stoa.org/places/766425
766426	Wadi Nagat	Church-2; AD 300 - AD 640	http://pleiades.stoa.org/places/766426
766427	Wadi Qalt el-Naga	Settlement; 330 BC - 30 BC	http://pleiades.stoa.org/places/766427
766428	Wadi Safaga	Station; 30 BC - AD 300	http://pleiades.stoa.org/places/766428
766429	Wadi Saqia	Settlement; 30 BC - AD 300	http://pleiades.stoa.org/places/766429
776142	Abu Gerara	Station; 30 BC - AD 640	http://pleiades.stoa.org/places/776142
776143	Ain Amour	Oasis, Settlement; 30 BC - AD 2100	http://pleiades.stoa.org/places/776143
776144	Ain Borek	Settlement; 30 BC - AD 640	http://pleiades.stoa.org/places/776144
776145	Ain Elwan	Settlement; 30 BC - AD 640	http://pleiades.stoa.org/places/776145
776146	Ain Hussein	Settlement; 30 BC - AD 640	http://pleiades.stoa.org/places/776146
776147	Ain Labakha	Settlement; 30 BC - AD 640	http://pleiades.stoa.org/places/776147
776148	Ain Mabruka	Settlement; 30 BC - AD 640	http://pleiades.stoa.org/places/776148
776149	Ain Marraga	Settlement; 30 BC - AD 640	http://pleiades.stoa.org/places/776149
776150	Ain Rammah	Settlement; 30 BC - AD 640	http://pleiades.stoa.org/places/776150
776151	Ain Tauleib	Settlement; 30 BC - AD 640	http://pleiades.stoa.org/places/776151
776152	Ain Ziyada	Settlement; 30 BC - AD 640	http://pleiades.stoa.org/places/776152
776155	Badaran	Settlement; 30 BC - AD 640	http://pleiades.stoa.org/places/776155
776156	Bagawat	Settlement, Cemetery; AD 300 - AD 640	http://pleiades.stoa.org/places/776156
776157	Balat	Settlement; 30 BC - AD 640	http://pleiades.stoa.org/places/776157
776158	Baram	Well; 30 BC - AD 640	http://pleiades.stoa.org/places/776158
776160	Bashendi	Settlement; 330 BC - AD 640	http://pleiades.stoa.org/places/776160
776161	Beleida	Settlement; 30 BC - AD 640	http://pleiades.stoa.org/places/776161
776166	Dakhakhin	Settlement; 30 BC - AD 640	http://pleiades.stoa.org/places/776166
776167	el-Deir	Fort; 30 BC - AD 640	http://pleiades.stoa.org/places/776167
776168	Deir Mustafa Kashef	Fort; AD 300 - AD 640	http://pleiades.stoa.org/places/776168
776175	Gebel Tafnis	Church; AD 300 - AD 640	http://pleiades.stoa.org/places/776175
776176	Gebel Teir	Church; AD 300 - AD 640	http://pleiades.stoa.org/places/776176
776177	Germeshin	Church; AD 300 - AD 640	http://pleiades.stoa.org/places/776177
776178	el-Gib	Fort; 30 BC - AD 640	http://pleiades.stoa.org/places/776178
776180	Hatteiyet Zakaran	Settlement; 30 BC - AD 640	http://pleiades.stoa.org/places/776180
776181	Hibis	Oasis, Settlement, Temple; 550 BC - AD 2100	http://pleiades.stoa.org/places/776181
776183	Hindaw	Settlement; 30 BC - AD 640	http://pleiades.stoa.org/places/776183
776186	Jmr-t	Settlement, Temple; 330 BC - AD 2100	http://pleiades.stoa.org/places/776186
776188	*Kalamon	Settlement; 30 BC - AD 2100	http://pleiades.stoa.org/places/776188
776189	Kellis	Settlement; 30 BC - AD 2100	http://pleiades.stoa.org/places/776189
776191	Kysis	Settlement; 30 BC - AD 2100	http://pleiades.stoa.org/places/776191
776195	Mahabat Khanafiss	Settlement; 30 BC - AD 640	http://pleiades.stoa.org/places/776195
776196	Manawir el-Biyut	Settlement; 550 BC - AD 300	http://pleiades.stoa.org/places/776196
776197	Mansuriya	Settlement; 30 BC - AD 640	http://pleiades.stoa.org/places/776197
776200	Meks Bahari	Settlement; 30 BC - AD 640	http://pleiades.stoa.org/places/776200
776201	Meks Gibli	Settlement; 30 BC - AD 640	http://pleiades.stoa.org/places/776201
776202	Mothis	Settlement; 330 BC - AD 2100	http://pleiades.stoa.org/places/776202
776206	el-Nadura	Temple; 330 BC - AD 300	http://pleiades.stoa.org/places/776206
776213	[*Parammon]?	Settlement; 30 BC - AD 640	http://pleiades.stoa.org/places/776213
776214	Pege Sykaminia?	Settlement; 30 BC - AD 640	http://pleiades.stoa.org/places/776214
776215	[Per-ousekh]	Temple; 2010 BC - 30 BC	http://pleiades.stoa.org/places/776215
776216	(P)Mounesis	Settlement; AD 300 - AD 2100	http://pleiades.stoa.org/places/776216
776218	el-Qasr	Settlement; 30 BC - AD 640	http://pleiades.stoa.org/places/776218
776219	el-Qasr	Settlement; 30 BC - AD 640	http://pleiades.stoa.org/places/776219
776220	Qasr Nessima	Settlement; 30 BC - AD 640	http://pleiades.stoa.org/places/776220
776221	el-Qosseir	Fort; 30 BC - AD 640	http://pleiades.stoa.org/places/776221
776223	*Sioua	Region, Settlement, Temple-2; 30 BC - AD 2100	http://pleiades.stoa.org/places/776223
776224	Someira	Fort; 30 BC - AD 640	http://pleiades.stoa.org/places/776224
776226	*Tabennese	Settlement; AD 300 - AD 640	http://pleiades.stoa.org/places/776226
776228	Tchonemyris	Settlement, Temple-2; 30 BC - AD 640	http://pleiades.stoa.org/places/776228
776232	*Thenete/Ten(...)	Settlement; 30 BC - AD 640	http://pleiades.stoa.org/places/776232
776233	Thinodes Oros	Mountain; 30 BC - AD 2100	http://pleiades.stoa.org/places/776233
776235	Trimithis	Settlement; 30 BC - AD 2100	http://pleiades.stoa.org/places/776235
776237	Um Dabadib	Settlement; AD 300 - AD 640	http://pleiades.stoa.org/places/776237
785957	Abaton	Temple; 750 BC - AD 640	http://pleiades.stoa.org/places/785957
785958	Abbad	Station; 330 BC - AD 640	http://pleiades.stoa.org/places/785958
785959	Abu Ghalqa	Fort; 30 BC - AD 640	http://pleiades.stoa.org/places/785959
785960	Abu Greiya	Mine; 330 BC - 30 BC	http://pleiades.stoa.org/places/785960
785961	Abu Hegilig North	Fort; 30 BC - AD 300	http://pleiades.stoa.org/places/785961
785962	Abu Hegilig South	Fort; 30 BC - AD 300	http://pleiades.stoa.org/places/785962
785963	Abu Ku	Station; 330 BC - AD 300	http://pleiades.stoa.org/places/785963
785964	Abu Midrik	Fort; 330 BC - 30 BC	http://pleiades.stoa.org/places/785964
785965	Abu Rahal	Station; 330 BC - AD 640	http://pleiades.stoa.org/places/785965
785966	Abu Rahal West	Station; 330 BC - AD 300	http://pleiades.stoa.org/places/785966
785967	Abu Rushaid	Settlement; 30 BC - AD 300	http://pleiades.stoa.org/places/785967
785969	Apa Epiphanius, Mon.	Church; AD 300 - AD 640	http://pleiades.stoa.org/places/785969
785970	Apa Phoibammon, Mon.	Sanctuary, Architecturalcomplex, Temple-2, Temple; 2168 BC - AD 640	http://pleiades.stoa.org/places/785970
785971	Aphrodites (Oros)	Fort; 30 BC - AD 640	http://pleiades.stoa.org/places/785971
785972	Aphrodites Nesos	Labeled feature, Island; AD 1700 - AD 2100	http://pleiades.stoa.org/places/785972
785974	Apollonopolis Magna	Settlement; 750 BC - AD 2100	http://pleiades.stoa.org/places/785974
785975	Apollonopolis Parva/Diocletianopolis	Settlement; 750 BC - AD 2100	http://pleiades.stoa.org/places/785975
785976	Apollonos	Fort; 30 BC - AD 640	http://pleiades.stoa.org/places/785976
785977	Aristonis	Fort; 30 BC - AD 640	http://pleiades.stoa.org/places/785977
785978	‘Asfynis’	Settlement; 750 BC - AD 640	http://pleiades.stoa.org/places/785978
785979	Atalla	Fort; 30 BC - AD 640	http://pleiades.stoa.org/places/785979
785980	Attut	Mine; 330 BC - AD 640	http://pleiades.stoa.org/places/785980
785982	Bakare	Mine; 30 BC - AD 640	http://pleiades.stoa.org/places/785982
785983	Barramiya	Fort; 330 BC - AD 640	http://pleiades.stoa.org/places/785983
785985	Berenicidis M./Smaragdos Oros	Mountain; AD 1700 - AD 2100	http://pleiades.stoa.org/places/785985
785986	Berenice/Berenike	Settlement, Port; 330 BC - AD 2100	http://pleiades.stoa.org/places/785986
785987	Bezah	Fort; 30 BC - AD 640	http://pleiades.stoa.org/places/785987
785988	Bezah West	Station; 330 BC - AD 300	http://pleiades.stoa.org/places/785988
785989	Bir Abbad	Well; 330 BC - AD 640	http://pleiades.stoa.org/places/785989
785990	Bir Asale	Well; 330 BC - AD 640	http://pleiades.stoa.org/places/785990
785992	Bir Dabab	Well; 330 BC - AD 640	http://pleiades.stoa.org/places/785992
785993	Bir el-Hammamat	Well; 330 BC - AD 640	http://pleiades.stoa.org/places/785993
785994	Bir el-Qash	Well; 330 BC - AD 640	http://pleiades.stoa.org/places/785994
785995	Bir el-Sid	Well; 330 BC - AD 640	http://pleiades.stoa.org/places/785995
785996	Bir Handosi	Well; AD 300 - AD 640	http://pleiades.stoa.org/places/785996
785997	Bir 'Iayyan	Station; 330 BC - 30 BC	http://pleiades.stoa.org/places/785997
785998	Bir Kareim	Settlement; 30 BC - AD 300	http://pleiades.stoa.org/places/785998
785999	Bir Mueihla	Well; 330 BC - 30 BC	http://pleiades.stoa.org/places/785999
786001	Boucheion	Cemetery; 330 BC - AD 640	http://pleiades.stoa.org/places/786001
786003	Cabalsi	Fort; 30 BC - AD 640	http://pleiades.stoa.org/places/786003
786004	Cataracta Prima	Rapid	http://pleiades.stoa.org/places/786004
786005	Compasi	Fort; 30 BC - AD 640	http://pleiades.stoa.org/places/786005
786006	Contra Apollonos	Settlement; 30 BC - AD 640	http://pleiades.stoa.org/places/786006
786007	Contra Latopolin	Settlement; 1548 BC - AD 640	http://pleiades.stoa.org/places/786007
786008	Contra Ombos	Settlement; 30 BC - AD 640	http://pleiades.stoa.org/places/786008
786009	Contra Syenem	Settlement; 30 BC - AD 640	http://pleiades.stoa.org/places/786009
786010	Coptos	Settlement; 750 BC - AD 640	http://pleiades.stoa.org/places/786010
786012	Daghbag South	Station; 30 BC - AD 300	http://pleiades.stoa.org/places/786012
786014	Deir el-Bakhit	Church; AD 300 - AD 640	http://pleiades.stoa.org/places/786014
786015	Didymoi	Fort; 30 BC - AD 2100	http://pleiades.stoa.org/places/786015
786017	Diospolis Magna/Thebai	Settlement, Temple-2; 2600000 BC - AD 2100	http://pleiades.stoa.org/places/786017
786018	Dunqash	Settlement; 550 BC - AD 300	http://pleiades.stoa.org/places/786018
786020	Eileithyiaspolis	Settlement; 750 BC - AD 2100	http://pleiades.stoa.org/places/786020
786021	Elephantine	Settlement; 2670 BC - AD 2100	http://pleiades.stoa.org/places/786021
786024	‘Falacro’	Fort; 30 BC - AD 640	http://pleiades.stoa.org/places/786024
786027	Gebel Rokham	Mine; 30 BC - AD 640	http://pleiades.stoa.org/places/786027
786028	Gebel Zabara	Settlement; 30 BC - AD 300	http://pleiades.stoa.org/places/786028
786029	Gelli	Settlement; 30 BC - AD 640	http://pleiades.stoa.org/places/786029
786031	Hamesh	Mine; 30 BC - AD 300	http://pleiades.stoa.org/places/786031
786032	Hammamat	Settlement, Fort; 750 BC - AD 300	http://pleiades.stoa.org/places/786032
786033	Hamra	Fort; 30 BC - AD 300	http://pleiades.stoa.org/places/786033
786034	Handosi	Station; AD 300 - AD 640	http://pleiades.stoa.org/places/786034
786035	Hangaliya	Settlement; 330 BC - 30 BC	http://pleiades.stoa.org/places/786035
786036	Hermonthis	Settlement; 750 BC - AD 2100	http://pleiades.stoa.org/places/786036
786037	Hierakonpolis	Settlement; 4500 BC - AD 2100	http://pleiades.stoa.org/places/786037
786038	Hilal	Settlement; 30 BC - AD 300	http://pleiades.stoa.org/places/786038
786040	Hydreuma to epi tou Paneiou	Station, Fort; 330 BC - AD 640	http://pleiades.stoa.org/places/786040
786042	Iovis	Fort; 30 BC - AD 640	http://pleiades.stoa.org/places/786042
786043	Isieiou Oros	Church; AD 300 - AD 640	http://pleiades.stoa.org/places/786043
786044	Iteima/Dawwi	Fort; 30 BC - AD 300	http://pleiades.stoa.org/places/786044
786046	Kab Marfu'a	Settlement; 30 BC - AD 640	http://pleiades.stoa.org/places/786046
786047	Kaine/Maximianopolis	Settlement; 2600000 BC - AD 2100	http://pleiades.stoa.org/places/786047
786050	Karnak	Architecturalcomplex, Temple-2; 750 BC - AD 2100	http://pleiades.stoa.org/places/786050
786051	Kastron Thebon	Fort; 30 BC - AD 640	http://pleiades.stoa.org/places/786051
786054	Krokodilo	Fort; 30 BC - AD 2100	http://pleiades.stoa.org/places/786054
786055	Krokodilopolis/Terkythis	Settlement; 750 BC - AD 640	http://pleiades.stoa.org/places/786055
786056	Kubaniya	Temple; 330 BC - 30 BC	http://pleiades.stoa.org/places/786056
786058	Lahami	Station, Fort; 330 BC - AD 640	http://pleiades.stoa.org/places/786058
786059	Latopolis	Settlement, Temple-2; 2600000 BC - AD 2100	http://pleiades.stoa.org/places/786059
786060	Lepte Akra	Cape; 330 BC - AD 2100	http://pleiades.stoa.org/places/786060
786062	Malge	Mine; 330 BC - AD 300	http://pleiades.stoa.org/places/786062
786063	Matula	Fort; 30 BC - AD 640	http://pleiades.stoa.org/places/786063
786064	Maximianon	Fort; 30 BC - AD 2100	http://pleiades.stoa.org/places/786064
786066	Memnon Colossi	Monument; 1548 BC - 1086 BC	http://pleiades.stoa.org/places/786066
786067	Memnonia	Settlement; 750 BC - AD 2100	http://pleiades.stoa.org/places/786067
786068	Mersa Dabr	Station; 30 BC - AD 300	http://pleiades.stoa.org/places/786068
786069	Myos Hormos?	Settlement, Port; 30 BC - AD 2100	http://pleiades.stoa.org/places/786069
786071	Nag el-Hasaya	Cemetery; 330 BC - AD 300	http://pleiades.stoa.org/places/786071
786072	Nakheil	Settlement; 30 BC - AD 300	http://pleiades.stoa.org/places/786072
786073	Nakheil	Fort; AD 300 - AD 640	http://pleiades.stoa.org/places/786073
786076	Novum Hydreuma	Station, Fort; 330 BC - AD 640	http://pleiades.stoa.org/places/786076
786077	Nugrus	Settlement; 30 BC - AD 640	http://pleiades.stoa.org/places/786077
786079	Omboi	Settlement, Temple-2; 330 BC - AD 2100	http://pleiades.stoa.org/places/786079
786081	Pallas	Settlement; 30 BC - AD 640	http://pleiades.stoa.org/places/786081
786082	Paneion 1	Station; 30 BC - AD 640	http://pleiades.stoa.org/places/786082
786083	Paneion 2	Settlement; 30 BC - AD 640	http://pleiades.stoa.org/places/786083
786084	Pathyris/Aphroditopolis	Settlement, Cemetery; 6000 BC - AD 2000	http://pleiades.stoa.org/places/786084
786086	Persou	Settlement, Mine; 330 BC - AD 2100	http://pleiades.stoa.org/places/786086
786087	Persou	Settlement, Mine; 330 BC - AD 2100	http://pleiades.stoa.org/places/786087
786088	Petemout/Kerameia?	Settlement; 750 BC - AD 2100	http://pleiades.stoa.org/places/786088
786089	Philae	Island, Temple, Temple-2; 550 BC - AD 2100	http://pleiades.stoa.org/places/786089
786090	Phnoum	Settlement; AD 300 - AD 640	http://pleiades.stoa.org/places/786090
786093	Qala	Temple; 330 BC - AD 300	http://pleiades.stoa.org/places/786093
786094	Qalat el-Baben	Church; AD 300 - AD 640	http://pleiades.stoa.org/places/786094
786095	Qasr el-Banat	Fort; 30 BC - AD 2100	http://pleiades.stoa.org/places/786095
786097	Resras	Temple; 30 BC - AD 300	http://pleiades.stoa.org/places/786097
786098	Rod el-Buram	Station; 550 BC - AD 300	http://pleiades.stoa.org/places/786098
786099	Rod el-Liqah	Fort; 330 BC - AD 300	http://pleiades.stoa.org/places/786099
786100	Rod Legayah	Station; 30 BC - AD 300	http://pleiades.stoa.org/places/786100
786101	Rod Umm el-Faraj	Station; 330 BC - AD 300	http://pleiades.stoa.org/places/786101
786104	Samut 1	Settlement; 550 BC - 30 BC	http://pleiades.stoa.org/places/786104
786105	Samut 2	Fort; 330 BC - AD 300	http://pleiades.stoa.org/places/786105
786106	S. Simeon, Mon.	Church; AD 300 - AD 640	http://pleiades.stoa.org/places/786106
786108	Seyhrig	Fort; 330 BC - AD 640	http://pleiades.stoa.org/places/786108
786109	Shanhur	Temple; 30 BC - AD 640	http://pleiades.stoa.org/places/786109
786110	Shay'iet	Station; 30 BC - AD 300	http://pleiades.stoa.org/places/786110
786111	Shea'leq	Station; 30 BC - AD 640	http://pleiades.stoa.org/places/786111
786112	Sheikh Salem	Station; 330 BC - AD 300	http://pleiades.stoa.org/places/786112
786113	Sibrit	Mine; 330 BC - AD 640	http://pleiades.stoa.org/places/786113
786114	Sikait	Settlement; 30 BC - AD 640	http://pleiades.stoa.org/places/786114
786115	Sikait Middle	Mine; 30 BC - AD 640	http://pleiades.stoa.org/places/786115
786116	Sikait North	Mine; 30 BC - AD 640	http://pleiades.stoa.org/places/786116
786117	Siket	Labeled feature, Fort; 30 BC - AD 300	http://pleiades.stoa.org/places/786117
786118	Silsilah	Settlement	http://pleiades.stoa.org/places/786118
786119	Simiou?	Fort; 30 BC - AD 300	http://pleiades.stoa.org/places/786119
786120	Siqdit	Settlement; 330 BC - AD 640	http://pleiades.stoa.org/places/786120
786122	Sukkari	Settlement; 330 BC - AD 640	http://pleiades.stoa.org/places/786122
786123	Syene	Settlement; 6000 BC - AD 2100	http://pleiades.stoa.org/places/786123
786125	Tabennisis	Church; AD 300 - AD 640	http://pleiades.stoa.org/places/786125
786126	Telelis	Settlement; AD 300 - AD 640	http://pleiades.stoa.org/places/786126
786127	Tentyra	Settlement, Temple-2; 750 BC - AD 2100	http://pleiades.stoa.org/places/786127
786129	Thbakat	Settlement; AD 300 - AD 640	http://pleiades.stoa.org/places/786129
786132	Touphion	Settlement; 750 BC - AD 2100	http://pleiades.stoa.org/places/786132
786133	Tsenti	Church; AD 300 - AD 640	http://pleiades.stoa.org/places/786133
786135	Umm Arba'een	Station; AD 300 - AD 640	http://pleiades.stoa.org/places/786135
786136	Umm Garahish	Station, Fort; 330 BC - AD 300	http://pleiades.stoa.org/places/786136
786137	Umm Howeitat	Mine; 330 BC - 30 BC	http://pleiades.stoa.org/places/786137
786138	Umm Kabu	Mine; 30 BC - AD 640	http://pleiades.stoa.org/places/786138
786139	Umm Kebash	Station; 30 BC - AD 300	http://pleiades.stoa.org/places/786139
786140	Umm Rus	Mine; 330 BC - AD 300	http://pleiades.stoa.org/places/786140
786142	Vetus Hydreuma	Fort; 330 BC - AD 640	http://pleiades.stoa.org/places/786142
786145	Waday Hiteem	Station; 330 BC - AD 300	http://pleiades.stoa.org/places/786145
786147	Wadi Dabab	Mine; 330 BC - AD 300	http://pleiades.stoa.org/places/786147
786148	Wadi el-'Alam	Station; 330 BC - AD 640	http://pleiades.stoa.org/places/786148
786149	Wadi el-Amboot	Mine; 330 BC - AD 300	http://pleiades.stoa.org/places/786149
786150	Wadi Nabiyah	Mine; 330 BC - AD 300	http://pleiades.stoa.org/places/786150
786151	Wadi Umm Qariyeh	Settlement; 330 BC - AD 640	http://pleiades.stoa.org/places/786151
788977	Untitled	Well; 330 BC - AD 300	http://pleiades.stoa.org/places/788977
795773	Abu Fas	Mine; 330 BC - AD 640	http://pleiades.stoa.org/places/795773
795775	Aksha	Settlement; 330 BC - AD 300	http://pleiades.stoa.org/places/795775
795777	Aniba	Settlement; 330 BC - AD 640	http://pleiades.stoa.org/places/795777
795778	Aramum	Cemetery; 330 BC - AD 640	http://pleiades.stoa.org/places/795778
795780	Arminna	Settlement; 330 BC - AD 300	http://pleiades.stoa.org/places/795780
795781	Ash-Shaukan	Settlement; 30 BC - AD 640	http://pleiades.stoa.org/places/795781
795783	Ballana	Cemetery; 30 BC - AD 640	http://pleiades.stoa.org/places/795783
795784	Beit el-Wali	Settlement; 750 BC - AD 640	http://pleiades.stoa.org/places/795784
795787	Bir Abraq	Fort; 330 BC - AD 300	http://pleiades.stoa.org/places/795787
795788	Bir Abu Hashim	Well; 330 BC - AD 640	http://pleiades.stoa.org/places/795788
795795	Contra Pselchis	Fort; 30 BC - AD 300	http://pleiades.stoa.org/places/795795
795796	Contra Tafis	Fort; 30 BC - AD 300	http://pleiades.stoa.org/places/795796
795797	Contra Talmis	Fort; 30 BC - AD 300	http://pleiades.stoa.org/places/795797
795799	Dib	Settlement; 30 BC - AD 300	http://pleiades.stoa.org/places/795799
795800	Dimri	Temple; 30 BC - AD 300	http://pleiades.stoa.org/places/795800
795808	Forum Cambusis?	Temple; 750 BC - AD 300	http://pleiades.stoa.org/places/795808
795811	Gariya Mustafa 'Amr Gama	Settlement; AD 300 - AD 640	http://pleiades.stoa.org/places/795811
795812	Gebel Adda	Settlement; 330 BC - AD 640	http://pleiades.stoa.org/places/795812
795815	Hierasykaminos	Settlement, Temple; 140 BC - AD 640	http://pleiades.stoa.org/places/795815
795816	Hitan Rayan	Settlement; AD 300 - AD 640	http://pleiades.stoa.org/places/795816
795820	Ikhmindi	Settlement; AD 300 - AD 640	http://pleiades.stoa.org/places/795820
795821	el-Ileiga	Settlement; 330 BC - 30 BC	http://pleiades.stoa.org/places/795821
795825	Kobosh	Temple; 330 BC - AD 640	http://pleiades.stoa.org/places/795825
795826	Kortia	Settlement; 550 BC - AD 300	http://pleiades.stoa.org/places/795826
795832	Nalot(e)	Settlement; 30 BC - AD 640	http://pleiades.stoa.org/places/795832
795838	Pachoras	Settlement; 330 BC - AD 640	http://pleiades.stoa.org/places/795838
795839	Paptoulis?	Temple-2; 330 BC - AD 300	http://pleiades.stoa.org/places/795839
795840	Parembole?	Temple; 330 BC - AD 300	http://pleiades.stoa.org/places/795840
795843	Per-Ptah	Cemetery; 330 BC - AD 640	http://pleiades.stoa.org/places/795843
795845	Premis	Settlement; 750 BC - AD 2100	http://pleiades.stoa.org/places/795845
795846	Pselchis	Settlement, Temple-2; 330 BC - AD 2100	http://pleiades.stoa.org/places/795846
795848	Qalt al-Fagere	Cemetery; 30 BC - AD 640	http://pleiades.stoa.org/places/795848
795849	Qustul	Cemetery; 30 BC - AD 640	http://pleiades.stoa.org/places/795849
795853	Sabagura	Settlement; AD 300 - AD 640	http://pleiades.stoa.org/places/795853
795858	Shablul/Tene?	Settlement; 330 BC - AD 300	http://pleiades.stoa.org/places/795858
795859	Sheik Daud	Settlement; AD 300 - AD 640	http://pleiades.stoa.org/places/795859
795860	Shenshef	Fort; AD 300 - AD 640	http://pleiades.stoa.org/places/795860
795862	Simalo?	Cemetery; 30 BC - AD 640	http://pleiades.stoa.org/places/795862
795866	Tachompso	Settlement; 750 BC - AD 640	http://pleiades.stoa.org/places/795866
795867	Tafis	Settlement; 30 BC - AD 640	http://pleiades.stoa.org/places/795867
795868	Talmis	Settlement; 330 BC - AD 2100	http://pleiades.stoa.org/places/795868
795875	Tutzis	Temple-2; 30 BC - AD 640	http://pleiades.stoa.org/places/795875
795876	Tzitzis	Temple; 30 BC - AD 300	http://pleiades.stoa.org/places/795876
795878	Um Garriat	Mine; 330 BC - AD 300	http://pleiades.stoa.org/places/795878
795885	Wadi es Sebua	Settlement	http://pleiades.stoa.org/places/795885
795886	Wadi Tum	Settlement; 30 BC - AD 640	http://pleiades.stoa.org/places/795886
798093	Pide	Unlocated, Settlement; 330 BC - AD 2100	http://pleiades.stoa.org/places/798093
814756	Zaigaina Ins.	Island; AD 1700 - AD 2100	http://pleiades.stoa.org/places/814756
845040004	Kom el-Dikka	Bath; 30 BC - AD 2100	http://pleiades.stoa.org/places/845040004
393558281	Pyramid of Userkaf	Tomb, Pyramid; 2670 BC - 2168 BC	http://pleiades.stoa.org/places/393558281
756300529	Deir Abu Matta	Church	http://pleiades.stoa.org/places/756300529
318069073	Dra' Abu el-Naga'	Cemetery; 1640 BC - 1548 BC	http://pleiades.stoa.org/places/318069073
195443086	Abu Sir	Cemetery; 2670 BC - AD 2100	http://pleiades.stoa.org/places/195443086
721417202	Abu Simbel	Temple-2; 1548 BC - AD 2100	http://pleiades.stoa.org/places/721417202
54417737	Tuna el-Gebel	Cemetery; 2010 BC - 1086 BC	http://pleiades.stoa.org/places/54417737
981527	Iudaea	Province; 30 BC - AD 300	http://pleiades.stoa.org/places/981527
991375	Libya Superior	Province; AD 300 - AD 640	http://pleiades.stoa.org/places/991375
667956220	Deir Abu Matta	Settlement, Church	http://pleiades.stoa.org/places/667956220
112509596	Beni Hasan	Cemetery; 2010 BC - AD 2100	http://pleiades.stoa.org/places/112509596
149576487	Amarna	Settlement, Urban, Sanctuary; 1548 BC - AD 2100	http://pleiades.stoa.org/places/149576487
979588215	Qubbet el-Hawa	Tomb, Cemetery; 2670 BC - 2168 BC	http://pleiades.stoa.org/places/979588215
321318358	Medinet Habu	Temple-2; 1548 BC - AD 2100	http://pleiades.stoa.org/places/321318358
894410373	Shams el-Din	Settlement, Cemetery, Church; AD 300 - AD 640	http://pleiades.stoa.org/places/894410373
1043	Internum Mare	Water-open; 30 BC - AD 2100	http://pleiades.stoa.org/places/1043
963101177	Unnamed Well	Well	http://pleiades.stoa.org/places/963101177
963101178	Unnamed Well	Well	http://pleiades.stoa.org/places/963101178
